ID,Pred
2019_3101_3113,0.1164970669610289
2019_3101_3114,0.43102542310451614
2019_3101_3120,0.36721184418972164
2019_3101_3124,-0.0359581691956863
2019_3101_3125,0.4291907904966258
2019_3101_3126,0.7112130473406142
2019_3101_3129,0.45345400413387393
2019_3101_3137,0.34087221011247437
2019_3101_3138,0.30720478725786504
2019_3101_3140,0.2567704361711688
2019_3101_3141,0.2862775170923195
2019_3101_3143,0.28015846443682524
2019_3101_3155,0.36010281468268646
2019_3101_3163,-1.0650193205425443e-4
2019_3101_3177,0.12978122297493383
2019_3101_3179,0.20435207534722571
2019_3101_3195,0.3776065771392463
2019_3101_3199,0.14108553398049134
2019_3101_3200,0.5139022535185621
2019_3101_3211,0.0815725016867397
2019_3101_3231,0.3705512648181425
2019_3101_3234,0.09570464954891998
2019_3101_3235,0.0991773182275634
2019_3101_3243,0.3173869986456228
2019_3101_3246,0.0906222218433161
2019_3101_3257,0.015397742017801242
2019_3101_3263,0.4551025692588557
2019_3101_3266,0.026240621319419843
2019_3101_3268,0.06805178206400475
2019_3101_3273,0.5215490837200873
2019_3101_3274,0.13211339573136638
2019_3101_3276,0.25228419935817864
2019_3101_3277,0.28346309492038896
2019_3101_3280,-0.02727696935652718
2019_3101_3281,0.17925288067842543
2019_3101_3283,0.4534296727082851
2019_3101_3301,0.11613994209461742
2019_3101_3308,0.5733259629138281
2019_3101_3314,0.30815982471239056
2019_3101_3323,-0.027907331977922018
2019_3101_3332,0.006087672134190528
2019_3101_3333,0.09772873341190019
2019_3101_3340,0.45601241697185263
2019_3101_3343,0.38933786756881467
2019_3101_3346,0.3509320378466102
2019_3101_3347,0.5180150046758166
2019_3101_3349,0.3410647384732787
2019_3101_3352,0.551012949782365
2019_3101_3353,0.1680867889134104
2019_3101_3355,0.09012025871796389
2019_3101_3376,0.09507093244608172
2019_3101_3377,0.1608268454086363
2019_3101_3380,0.6244759282475563
2019_3101_3390,0.07556535278355943
2019_3101_3393,0.11706303867282467
2019_3101_3397,0.32057058338027294
2019_3101_3400,0.21138012366575878
2019_3101_3401,0.17454522341161888
2019_3101_3406,0.49429237899214484
2019_3101_3413,0.4756621551718575
2019_3101_3416,0.42649019448183
2019_3101_3417,0.11314335281356294
2019_3101_3460,0.5696866530326504
2019_3113_3114,0.7534639917109827
2019_3113_3120,0.6876162183132987
2019_3113_3124,0.009731666418403718
2019_3113_3125,0.7488842556289066
2019_3113_3126,0.9912818309100686
2019_3113_3129,0.7669427524300223
2019_3113_3137,0.6458286705409859
2019_3113_3138,0.6181527170086428
2019_3113_3140,0.6312388609694374
2019_3113_3141,0.5851474827892551
2019_3113_3143,0.5703392172838803
2019_3113_3155,0.6726363845227765
2019_3113_3163,0.12076050044878298
2019_3113_3177,0.5464998947549299
2019_3113_3179,0.5250112031645644
2019_3113_3195,0.7004423463697625
2019_3113_3199,0.5357584362373828
2019_3113_3200,0.8938080092373006
2019_3113_3211,0.4210109917433241
2019_3113_3231,0.6879709772664324
2019_3113_3234,0.3701837107568645
2019_3113_3235,0.4000262586662898
2019_3113_3243,0.6363978027724977
2019_3113_3246,0.46866771190090456
2019_3113_3257,0.17574702074669502
2019_3113_3263,0.8399975178886072
2019_3113_3266,0.28353998847914774
2019_3113_3268,0.3523674358632732
2019_3113_3273,0.8997099752908208
2019_3113_3274,0.48346382226382073
2019_3113_3276,0.5320922870038567
2019_3113_3277,0.5944432414331015
2019_3113_3280,0.04464501761128986
2019_3113_3281,0.5451343783848657
2019_3113_3283,0.7389737607761734
2019_3113_3301,0.457222986883846
2019_3113_3308,0.9245376300943253
2019_3113_3314,0.6116082203456357
2019_3113_3323,0.02865362016384907
2019_3113_3332,0.1393585486512083
2019_3113_3333,0.4138525848294692
2019_3113_3340,0.8497990693525184
2019_3113_3343,0.6754571276308798
2019_3113_3346,0.6340733096611327
2019_3113_3347,0.8936197487349681
2019_3113_3349,0.6531442230951566
2019_3113_3352,0.9184655318966592
2019_3113_3353,0.5304102591175972
2019_3113_3355,0.47155025261065864
2019_3113_3376,0.4267598963119288
2019_3113_3377,0.4284624430345074
2019_3113_3380,0.9564908361476142
2019_3113_3390,0.3774568943896558
2019_3113_3393,0.42814657545547874
2019_3113_3397,0.6100133291265207
2019_3113_3400,0.5891126250389114
2019_3113_3401,0.5578121565913242
2019_3113_3406,0.8921212039618878
2019_3113_3413,0.8614137934310231
2019_3113_3416,0.7544445570735616
2019_3113_3417,0.5196380559809152
2019_3113_3460,0.8733077173481915
2019_3114_3120,0.42567449011472147
2019_3114_3124,-0.046014174658409804
2019_3114_3125,0.5099095837910517
2019_3114_3126,0.7794114606988282
2019_3114_3129,0.5491908381880719
2019_3114_3137,0.3851544662424034
2019_3114_3138,0.339081765173775
2019_3114_3140,0.3418572290206573
2019_3114_3141,0.26669104400521737
2019_3114_3143,0.29981831599697
2019_3114_3155,0.3904790835424157
2019_3114_3163,-0.018101674753027076
2019_3114_3177,0.20958686377567376
2019_3114_3179,0.20960126082877845
2019_3114_3195,0.46807160038307805
2019_3114_3199,0.2864587824493576
2019_3114_3200,0.645599302518615
2019_3114_3211,0.18235022189788103
2019_3114_3231,0.41472892391255023
2019_3114_3234,0.06309679534712091
2019_3114_3235,0.10795919250077293
2019_3114_3243,0.3504419584326638
2019_3114_3246,0.20745805338016993
2019_3114_3257,-0.0032091904350383497
2019_3114_3263,0.5681883246752644
2019_3114_3266,0.05503844402813436
2019_3114_3268,0.08406392658839493
2019_3114_3273,0.6260407293630477
2019_3114_3274,0.2393646934837515
2019_3114_3276,0.2795706189476993
2019_3114_3277,0.2992072098301161
2019_3114_3280,-0.03785219769816832
2019_3114_3281,0.2858589041052538
2019_3114_3283,0.4745941504219573
2019_3114_3301,0.15657849229656176
2019_3114_3308,0.6873319803833833
2019_3114_3314,0.32825393573436024
2019_3114_3323,-0.040729283310067935
2019_3114_3332,-0.011804083440788218
2019_3114_3333,0.1726912691566819
2019_3114_3340,0.5448248648438213
2019_3114_3343,0.39564012571457463
2019_3114_3346,0.36393651259726156
2019_3114_3347,0.6355543813087577
2019_3114_3349,0.3911554685377282
2019_3114_3352,0.6390179736697094
2019_3114_3353,0.2725678532831575
2019_3114_3355,0.14305422044151916
2019_3114_3376,0.19696558556715477
2019_3114_3377,0.1769927335393926
2019_3114_3380,0.7143839514573539
2019_3114_3390,0.04843280695769688
2019_3114_3393,0.13486388828828727
2019_3114_3397,0.3453878446255194
2019_3114_3400,0.32144308593650855
2019_3114_3401,0.31011956986456435
2019_3114_3406,0.6150071076094423
2019_3114_3413,0.5584070915207727
2019_3114_3416,0.5066841953873802
2019_3114_3417,0.24064656501860354
2019_3114_3460,0.6741404721460869
2019_3120_3124,-0.035419912558422986
2019_3120_3125,0.5735248810592297
2019_3120_3126,0.8165443809901671
2019_3120_3129,0.5935660084991585
2019_3120_3137,0.45017577781285195
2019_3120_3138,0.42875188449791024
2019_3120_3140,0.4107441393040971
2019_3120_3141,0.35146886612054723
2019_3120_3143,0.38429948482956655
2019_3120_3155,0.4606557859115229
2019_3120_3163,0.02680922525683994
2019_3120_3177,0.2735352844387358
2019_3120_3179,0.3155385922549349
2019_3120_3195,0.512520122858832
2019_3120_3199,0.34144467640241316
2019_3120_3200,0.6830097494087708
2019_3120_3211,0.2497363863348851
2019_3120_3231,0.5171943905980514
2019_3120_3234,0.19792073681689604
2019_3120_3235,0.2328624200883181
2019_3120_3243,0.40957017700268405
2019_3120_3246,0.2633983172959017
2019_3120_3257,0.031863288620437
2019_3120_3263,0.609786753433979
2019_3120_3266,0.10168053761507626
2019_3120_3268,0.19436859566791984
2019_3120_3273,0.660729277518583
2019_3120_3274,0.3168095280825998
2019_3120_3276,0.3405861828858819
2019_3120_3277,0.3620778908338028
2019_3120_3280,-0.023843748967102316
2019_3120_3281,0.341650922378171
2019_3120_3283,0.5691985749392892
2019_3120_3301,0.30922432653521004
2019_3120_3308,0.7339294342214875
2019_3120_3314,0.411564796622896
2019_3120_3323,-0.026541428331518846
2019_3120_3332,0.042494187328286116
2019_3120_3333,0.2477356519896991
2019_3120_3340,0.6064004355475383
2019_3120_3343,0.501196786207459
2019_3120_3346,0.4523138875994147
2019_3120_3347,0.6870796339063224
2019_3120_3349,0.45584231559714333
2019_3120_3352,0.6638357585740619
2019_3120_3353,0.3093528206869417
2019_3120_3355,0.19784728581894195
2019_3120_3376,0.2476503853217749
2019_3120_3377,0.23097011229413167
2019_3120_3380,0.7371609109459225
2019_3120_3390,0.18141781459379408
2019_3120_3393,0.25655853938443723
2019_3120_3397,0.4700392018355492
2019_3120_3400,0.38523784280035966
2019_3120_3401,0.38347969735388743
2019_3120_3406,0.6617799103182279
2019_3120_3413,0.6168210241247482
2019_3120_3416,0.5853054031488905
2019_3120_3417,0.3125292774419584
2019_3120_3460,0.7240583866455227
2019_3124_3125,1.033613042749807
2019_3124_3126,1.0737312218906132
2019_3124_3129,1.0424452422220711
2019_3124_3137,1.023690259191189
2019_3124_3138,1.0239212953582417
2019_3124_3140,1.010752757421844
2019_3124_3141,1.0072998634232029
2019_3124_3143,1.0076858026185291
2019_3124_3155,1.0332357546509732
2019_3124_3163,0.7875919257879159
2019_3124_3177,0.9923860652728644
2019_3124_3179,0.9963674704940217
2019_3124_3195,1.0300408152269442
2019_3124_3199,1.0110001334609469
2019_3124_3200,1.05461481253707
2019_3124_3211,0.9496838194172765
2019_3124_3231,1.0364291507348722
2019_3124_3234,0.92716663513459
2019_3124_3235,0.9618306269373285
2019_3124_3243,1.0255998371947184
2019_3124_3246,0.968691296831165
2019_3124_3257,0.7677359057197437
2019_3124_3263,1.039993531990137
2019_3124_3266,0.9218763815967572
2019_3124_3268,0.9079727167876024
2019_3124_3273,1.0562696926818087
2019_3124_3274,0.9795234116061595
2019_3124_3276,0.9923110409831717
2019_3124_3277,1.0095402068868122
2019_3124_3280,0.5755073453309081
2019_3124_3281,0.9977981115124832
2019_3124_3283,1.04505050744122
2019_3124_3301,0.950529217636169
2019_3124_3308,1.062783941651783
2019_3124_3314,1.0183878833840347
2019_3124_3323,0.555520259338753
2019_3124_3332,0.8150014434691277
2019_3124_3333,0.9524482222884378
2019_3124_3340,1.0376042938234589
2019_3124_3343,1.0347230006425883
2019_3124_3346,1.029951315812556
2019_3124_3347,1.0553286817951832
2019_3124_3349,1.0294619563849103
2019_3124_3352,1.0511253423668416
2019_3124_3353,1.0032441797955505
2019_3124_3355,0.9658481477045452
2019_3124_3376,0.97783419177873
2019_3124_3377,0.9601626674807594
2019_3124_3380,1.06130067856864
2019_3124_3390,0.9193794268791068
2019_3124_3393,0.9656798992875121
2019_3124_3397,1.0253974018201086
2019_3124_3400,1.0006465884948048
2019_3124_3401,1.0008117279457382
2019_3124_3406,1.0572319969706387
2019_3124_3413,1.0379166976731349
2019_3124_3416,1.0499864611696939
2019_3124_3417,0.9948442610356402
2019_3124_3460,1.061931015844662
2019_3125_3126,0.8257896659228194
2019_3125_3129,0.5270196494087246
2019_3125_3137,0.37792517966997025
2019_3125_3138,0.350155598349186
2019_3125_3140,0.33962361899581917
2019_3125_3141,0.3145619562061225
2019_3125_3143,0.3088078422113809
2019_3125_3155,0.4074059325193805
2019_3125_3163,8.464275704505956e-4
2019_3125_3177,0.2421931186524146
2019_3125_3179,0.23021732453655774
2019_3125_3195,0.4706379728848482
2019_3125_3199,0.3018426325384758
2019_3125_3200,0.6822923319956943
2019_3125_3211,0.1861157799802377
2019_3125_3231,0.4269192967236897
2019_3125_3234,0.09244603834898539
2019_3125_3235,0.10126776196486235
2019_3125_3243,0.3629542983536482
2019_3125_3246,0.22287021212856248
2019_3125_3257,0.01703286704520362
2019_3125_3263,0.5832384507198686
2019_3125_3266,0.08754473063135275
2019_3125_3268,0.05927363993646434
2019_3125_3273,0.6804932273347825
2019_3125_3274,0.19287352096589322
2019_3125_3276,0.27200670519636205
2019_3125_3277,0.3029319884323244
2019_3125_3280,-0.021611427007017077
2019_3125_3281,0.2671774361016056
2019_3125_3283,0.5001974379323965
2019_3125_3301,0.11100633616822442
2019_3125_3308,0.7283260295213442
2019_3125_3314,0.34009751666801735
2019_3125_3323,-0.024823481355480626
2019_3125_3332,0.006953160291572377
2019_3125_3333,0.14279696391390168
2019_3125_3340,0.5792479287109703
2019_3125_3343,0.4092428519189106
2019_3125_3346,0.3904753905466406
2019_3125_3347,0.6736816932897896
2019_3125_3349,0.38920988275107593
2019_3125_3352,0.6713611983636077
2019_3125_3353,0.2693375628535868
2019_3125_3355,0.18387991472896578
2019_3125_3376,0.16289570989870636
2019_3125_3377,0.18987150122484972
2019_3125_3380,0.7469097379726162
2019_3125_3390,0.07502376903291764
2019_3125_3393,0.11365985641861356
2019_3125_3397,0.33749143733665193
2019_3125_3400,0.2882940271925281
2019_3125_3401,0.25343619373857706
2019_3125_3406,0.6738074250334389
2019_3125_3413,0.6037287018106289
2019_3125_3416,0.5026570261845147
2019_3125_3417,0.2532728453068517
2019_3125_3460,0.6704720827500317
2019_3126_3129,0.21722681617352016
2019_3126_3137,0.12490621798294736
2019_3126_3138,0.11392204115947353
2019_3126_3140,0.06604128881677052
2019_3126_3141,0.07610660816736514
2019_3126_3143,0.09286030731703843
2019_3126_3155,0.1488879890729024
2019_3126_3163,-0.0521876466902772
2019_3126_3177,0.00786864576407691
2019_3126_3179,0.04088394648457446
2019_3126_3195,0.15202758953715398
2019_3126_3199,0.01949496787116801
2019_3126_3200,0.3062552315046855
2019_3126_3211,-0.014430264021520003
2019_3126_3231,0.1703091888362445
2019_3126_3234,-0.012710914954137939
2019_3126_3235,-0.01634517100379324
2019_3126_3243,0.12739214978988375
2019_3126_3246,-0.006245513599339426
2019_3126_3257,-0.04368243918760307
2019_3126_3263,0.2281617473246435
2019_3126_3266,-0.03722123008391091
2019_3126_3268,-0.027381918636507484
2019_3126_3273,0.29772028101659304
2019_3126_3274,0.005103063755642005
2019_3126_3276,0.079262389181042
2019_3126_3277,0.09570314688776753
2019_3126_3280,-0.06536216717456472
2019_3126_3281,0.04605654832867504
2019_3126_3283,0.22626202145802604
2019_3126_3301,-4.995544588021414e-5
2019_3126_3308,0.32257156872092135
2019_3126_3314,0.11096008130488233
2019_3126_3323,-0.06881895256231738
2019_3126_3332,-0.04704216378299283
2019_3126_3333,-0.012224513737030119
2019_3126_3340,0.20900424972433215
2019_3126_3343,0.15104951388207438
2019_3126_3346,0.1375217148960098
2019_3126_3347,0.283598633212743
2019_3126_3349,0.1337196414898928
2019_3126_3352,0.35407963591188557
2019_3126_3353,0.04058126181667314
2019_3126_3355,-0.012987178094860174
2019_3126_3376,-0.008132772186433282
2019_3126_3377,0.02603691296804549
2019_3126_3380,0.4371136529718842
2019_3126_3390,-0.02560424074417787
2019_3126_3393,-0.006414738966161815
2019_3126_3397,0.11981986644189462
2019_3126_3400,0.04933761012463567
2019_3126_3401,0.03202702804456475
2019_3126_3406,0.28215002221023155
2019_3126_3413,0.2290167879466407
2019_3126_3416,0.2308573467426434
2019_3126_3417,0.0041384144673410565
2019_3126_3460,0.32739744853036434
2019_3129_3137,0.3356904612482167
2019_3129_3138,0.32665214038029794
2019_3129_3140,0.3188425007559393
2019_3129_3141,0.2969166517078465
2019_3129_3143,0.30335784368149044
2019_3129_3155,0.3861926366052112
2019_3129_3163,-0.008528444479483638
2019_3129_3177,0.22121669379611392
2019_3129_3179,0.2148341025781671
2019_3129_3195,0.42817065875838417
2019_3129_3199,0.27628756083532613
2019_3129_3200,0.6274996100306913
2019_3129_3211,0.176891504688155
2019_3129_3231,0.40858135090782416
2019_3129_3234,0.07849135783531386
2019_3129_3235,0.08964345560362677
2019_3129_3243,0.33001723286305173
2019_3129_3246,0.20609551675167798
2019_3129_3257,0.004627731939300871
2019_3129_3263,0.5472770865041585
2019_3129_3266,0.07161937067031872
2019_3129_3268,0.05347493124802771
2019_3129_3273,0.629147856364847
2019_3129_3274,0.18338779818859458
2019_3129_3276,0.26292675907819263
2019_3129_3277,0.28453185432185724
2019_3129_3280,-0.03395397164851855
2019_3129_3281,0.24589179814469048
2019_3129_3283,0.4544525352782266
2019_3129_3301,0.11124403602898078
2019_3129_3308,0.6852301735894762
2019_3129_3314,0.32575583421199716
2019_3129_3323,-0.03419942366767986
2019_3129_3332,-0.0021247207880656254
2019_3129_3333,0.1358564628833125
2019_3129_3340,0.5500252438996899
2019_3129_3343,0.37531653618106586
2019_3129_3346,0.35273976820045444
2019_3129_3347,0.624159739036686
2019_3129_3349,0.3389963923577616
2019_3129_3352,0.6215180770480029
2019_3129_3353,0.2337478527021783
2019_3129_3355,0.15772736420173455
2019_3129_3376,0.13889611313953681
2019_3129_3377,0.17246378782503097
2019_3129_3380,0.7003576985655693
2019_3129_3390,0.05635872614863459
2019_3129_3393,0.1021867994403121
2019_3129_3397,0.33013288307247485
2019_3129_3400,0.28698673386383
2019_3129_3401,0.23878458522394883
2019_3129_3406,0.6164793975257351
2019_3129_3413,0.5734945877673286
2019_3129_3416,0.4574658136624838
2019_3129_3417,0.24342974172035556
2019_3129_3460,0.6368401998874147
2019_3137_3138,0.4593720731469503
2019_3137_3140,0.4644208854718935
2019_3137_3141,0.40412053725170816
2019_3137_3143,0.4116784559499164
2019_3137_3155,0.5348054485177549
2019_3137_3163,0.023581060889710504
2019_3137_3177,0.324858360459057
2019_3137_3179,0.31240283901566973
2019_3137_3195,0.5957021099024711
2019_3137_3199,0.42543854453590513
2019_3137_3200,0.755447560752757
2019_3137_3211,0.2878804088330457
2019_3137_3231,0.540158428807985
2019_3137_3234,0.14856927054317576
2019_3137_3235,0.23324964067035733
2019_3137_3243,0.4842046230622243
2019_3137_3246,0.32486532812972163
2019_3137_3257,0.05141689914445428
2019_3137_3263,0.6685849578584222
2019_3137_3266,0.14167695041279296
2019_3137_3268,0.17565010877756787
2019_3137_3273,0.7439248613048135
2019_3137_3274,0.36494403445810397
2019_3137_3276,0.3767402196150179
2019_3137_3277,0.41482037323640303
2019_3137_3280,-0.009462626479286074
2019_3137_3281,0.3957314086889202
2019_3137_3283,0.610393652674189
2019_3137_3301,0.2543929580217666
2019_3137_3308,0.805817268511577
2019_3137_3314,0.4570120647560455
2019_3137_3323,-0.013044734576168757
2019_3137_3332,0.03342642545991117
2019_3137_3333,0.29408247423988
2019_3137_3340,0.6502891058965876
2019_3137_3343,0.5232196306438401
2019_3137_3346,0.4997347417209251
2019_3137_3347,0.7505773159679097
2019_3137_3349,0.5135119314193245
2019_3137_3352,0.7502314968489575
2019_3137_3353,0.39882479891941847
2019_3137_3355,0.2538924395232298
2019_3137_3376,0.33350501124665727
2019_3137_3377,0.277445441688256
2019_3137_3380,0.8186257542198941
2019_3137_3390,0.1400223153840858
2019_3137_3393,0.2505274615774694
2019_3137_3397,0.4639077977701108
2019_3137_3400,0.43694481576106253
2019_3137_3401,0.44168227444005526
2019_3137_3406,0.7452565271245927
2019_3137_3413,0.6705955251152743
2019_3137_3416,0.6372759140317658
2019_3137_3417,0.3628257304191457
2019_3137_3460,0.791628122549375
2019_3138_3140,0.4738940713883551
2019_3138_3141,0.4229228971500275
2019_3138_3143,0.4329216083889781
2019_3138_3155,0.5182097252753969
2019_3138_3163,0.0576425691871139
2019_3138_3177,0.34269106565030566
2019_3138_3179,0.37750312822249865
2019_3138_3195,0.606711487889664
2019_3138_3199,0.4068621035353527
2019_3138_3200,0.7566007990695034
2019_3138_3211,0.30839319766772183
2019_3138_3231,0.5704904809617645
2019_3138_3234,0.25617396599292797
2019_3138_3235,0.2995653500667401
2019_3138_3243,0.46404073944568613
2019_3138_3246,0.3202645976862946
2019_3138_3257,0.06464438163989195
2019_3138_3263,0.6815409718667668
2019_3138_3266,0.14843598307452338
2019_3138_3268,0.2319948070407488
2019_3138_3273,0.7417381683179227
2019_3138_3274,0.36839486133430405
2019_3138_3276,0.39116556868876684
2019_3138_3277,0.4201006610319
2019_3138_3280,-0.007067828228955341
2019_3138_3281,0.3978304734844359
2019_3138_3283,0.6532357322446555
2019_3138_3301,0.34605655272599345
2019_3138_3308,0.7942716104910625
2019_3138_3314,0.4687531578416212
2019_3138_3323,-0.012875798104790814
2019_3138_3332,0.0749651103592148
2019_3138_3333,0.30260902312546234
2019_3138_3340,0.6522601738704759
2019_3138_3343,0.5673803282121808
2019_3138_3346,0.5459733746842458
2019_3138_3347,0.7442220054989379
2019_3138_3349,0.5402642185834204
2019_3138_3352,0.7313125137751103
2019_3138_3353,0.37007253985694255
2019_3138_3355,0.2736847619542871
2019_3138_3376,0.2920154092502981
2019_3138_3377,0.28531545303239686
2019_3138_3380,0.8028557567567006
2019_3138_3390,0.23424388206144914
2019_3138_3393,0.3078692266436603
2019_3138_3397,0.5178580245788417
2019_3138_3400,0.4303213173159698
2019_3138_3401,0.42890628280078236
2019_3138_3406,0.7162481942154623
2019_3138_3413,0.6880035627431396
2019_3138_3416,0.6608661367036436
2019_3138_3417,0.3659905313938565
2019_3138_3460,0.7905043586764702
2019_3140_3141,0.49047703344043986
2019_3140_3143,0.45654507955702117
2019_3140_3155,0.5695604993482561
2019_3140_3163,0.06913003339291317
2019_3140_3177,0.3638434478703393
2019_3140_3179,0.4211034734607303
2019_3140_3195,0.6082215016792009
2019_3140_3199,0.4133139154740776
2019_3140_3200,0.7758021205205937
2019_3140_3211,0.29339021560901146
2019_3140_3231,0.5888225729306532
2019_3140_3234,0.28541848074497733
2019_3140_3235,0.30725425400176126
2019_3140_3243,0.5293516693924657
2019_3140_3246,0.328321338681192
2019_3140_3257,0.10275325078965543
2019_3140_3263,0.6853388794538567
2019_3140_3266,0.14590981665597805
2019_3140_3268,0.23366931640346902
2019_3140_3273,0.7662882435063635
2019_3140_3274,0.38284626493508866
2019_3140_3276,0.4106538486436283
2019_3140_3277,0.49239039074298746
2019_3140_3280,0.012435847393130112
2019_3140_3281,0.4176459113595632
2019_3140_3283,0.6751640008142272
2019_3140_3301,0.34512978216721113
2019_3140_3308,0.8125255063362671
2019_3140_3314,0.5068138424394946
2019_3140_3323,-0.0027638584405652866
2019_3140_3332,0.08449465911603554
2019_3140_3333,0.3173436705338093
2019_3140_3340,0.6645118867031605
2019_3140_3343,0.572302371611159
2019_3140_3346,0.5608119862720764
2019_3140_3347,0.7632797947948065
2019_3140_3349,0.5531831396684608
2019_3140_3352,0.8185174066608584
2019_3140_3353,0.4138005557352347
2019_3140_3355,0.30168103223912984
2019_3140_3376,0.3257987006953942
2019_3140_3377,0.3308031962782199
2019_3140_3380,0.8802240949870889
2019_3140_3390,0.2676462409342167
2019_3140_3393,0.32186268347220515
2019_3140_3397,0.5037985453286962
2019_3140_3400,0.4405769591090493
2019_3140_3401,0.4571691690008951
2019_3140_3406,0.7526941409898754
2019_3140_3413,0.6959800051494429
2019_3140_3416,0.6687486778119619
2019_3140_3417,0.3734777879145111
2019_3140_3460,0.7928246600959165
2019_3141_3143,0.48122870712671506
2019_3141_3155,0.6256280053679151
2019_3141_3163,0.07025659567079556
2019_3141_3177,0.3743125157021142
2019_3141_3179,0.4677992262747823
2019_3141_3195,0.6522393806527728
2019_3141_3199,0.4529464647730411
2019_3141_3200,0.8110680857620766
2019_3141_3211,0.3222531983033202
2019_3141_3231,0.6515540838415228
2019_3141_3234,0.2787446081049344
2019_3141_3235,0.3428744009615626
2019_3141_3243,0.5906689838636425
2019_3141_3246,0.3534503085013749
2019_3141_3257,0.1266686825095902
2019_3141_3263,0.705861502433227
2019_3141_3266,0.17877662928521645
2019_3141_3268,0.2580110149226762
2019_3141_3273,0.8102203563253199
2019_3141_3274,0.4097775461006499
2019_3141_3276,0.4342327983793336
2019_3141_3277,0.5283075788508113
2019_3141_3280,0.0284447533930946
2019_3141_3281,0.4417343457389791
2019_3141_3283,0.7137472512541745
2019_3141_3301,0.37780950223814375
2019_3141_3308,0.8331904758034765
2019_3141_3314,0.5602101985016168
2019_3141_3323,0.008771140885839777
2019_3141_3332,0.09038058144946155
2019_3141_3333,0.3416923466782682
2019_3141_3340,0.6972835082266344
2019_3141_3343,0.6200629420810535
2019_3141_3346,0.607717882949302
2019_3141_3347,0.7923873008564749
2019_3141_3349,0.6211030807869717
2019_3141_3352,0.8002645126901189
2019_3141_3353,0.43208361750390345
2019_3141_3355,0.3168693167782733
2019_3141_3376,0.34911271752484446
2019_3141_3377,0.34679585101119514
2019_3141_3380,0.8719226808841365
2019_3141_3390,0.26623651248128316
2019_3141_3393,0.3436425968799845
2019_3141_3397,0.5433120382159082
2019_3141_3400,0.44222088054427083
2019_3141_3401,0.4904182736769519
2019_3141_3406,0.7996776269177948
2019_3141_3413,0.7362805368895563
2019_3141_3416,0.7377879671097785
2019_3141_3417,0.39417857768364756
2019_3141_3460,0.8346198434577763
2019_3143_3155,0.6002837051257259
2019_3143_3163,0.0775768973655527
2019_3143_3177,0.40891517975582026
2019_3143_3179,0.4797585739633659
2019_3143_3195,0.6398173460074715
2019_3143_3199,0.44688768740767104
2019_3143_3200,0.7878576316993284
2019_3143_3211,0.35331711127034265
2019_3143_3231,0.6369528251690659
2019_3143_3234,0.316630215638294
2019_3143_3235,0.36030783034291725
2019_3143_3243,0.5688224643056844
2019_3143_3246,0.3633442369395251
2019_3143_3257,0.12867487709655873
2019_3143_3263,0.7076848697929927
2019_3143_3266,0.19004070270638387
2019_3143_3268,0.29894922470367286
2019_3143_3273,0.784537127327182
2019_3143_3274,0.4472594270306497
2019_3143_3276,0.4552232240698456
2019_3143_3277,0.5373415589358459
2019_3143_3280,0.023260614244653963
2019_3143_3281,0.44943326248732046
2019_3143_3283,0.6909612372168601
2019_3143_3301,0.4236555494051224
2019_3143_3308,0.8187857532000636
2019_3143_3314,0.55584781084851
2019_3143_3323,0.008613239469009984
2019_3143_3332,0.09784368511102448
2019_3143_3333,0.3777748035124671
2019_3143_3340,0.7169138914476118
2019_3143_3343,0.6121152458878754
2019_3143_3346,0.5723515105665932
2019_3143_3347,0.783377189208274
2019_3143_3349,0.5969120405555663
2019_3143_3352,0.7784400666083665
2019_3143_3353,0.4268750432688634
2019_3143_3355,0.34542952024383006
2019_3143_3376,0.3559076586822674
2019_3143_3377,0.3539195734408645
2019_3143_3380,0.843917823707913
2019_3143_3390,0.2829007701644068
2019_3143_3393,0.37774168689957677
2019_3143_3397,0.5382010270134188
2019_3143_3400,0.4702895123112671
2019_3143_3401,0.511510707791109
2019_3143_3406,0.7659984990855564
2019_3143_3413,0.7410516027250391
2019_3143_3416,0.7017379410357242
2019_3143_3417,0.40914314514298916
2019_3143_3460,0.8149388426616928
2019_3155_3163,0.021682545927105293
2019_3155_3177,0.30761262817343327
2019_3155_3179,0.371679037118087
2019_3155_3195,0.538949518142284
2019_3155_3199,0.3498257997573203
2019_3155_3200,0.7152055109860321
2019_3155_3211,0.2445816462732689
2019_3155_3231,0.5635984652666759
2019_3155_3234,0.2140222190616785
2019_3155_3235,0.22530284859617003
2019_3155_3243,0.46474673353673895
2019_3155_3246,0.27244600255348816
2019_3155_3257,0.05558267909139921
2019_3155_3263,0.6184930840180314
2019_3155_3266,0.09696345797017052
2019_3155_3268,0.17378512276983452
2019_3155_3273,0.6935266976641121
2019_3155_3274,0.353899140270417
2019_3155_3276,0.3562137508780195
2019_3155_3277,0.41579175569907856
2019_3155_3280,-0.014296239555743523
2019_3155_3281,0.3663737304353021
2019_3155_3283,0.6066330347194749
2019_3155_3301,0.311195897771036
2019_3155_3308,0.7464411795942111
2019_3155_3314,0.45676751537324584
2019_3155_3323,-0.022261039266155074
2019_3155_3332,0.03890271715367251
2019_3155_3333,0.2748748098553374
2019_3155_3340,0.6121326709952729
2019_3155_3343,0.520595643004158
2019_3155_3346,0.4732907078635675
2019_3155_3347,0.7080765181139448
2019_3155_3349,0.4818613568528726
2019_3155_3352,0.7104481035649161
2019_3155_3353,0.3358382774658035
2019_3155_3355,0.22754132905581984
2019_3155_3376,0.27077473725873324
2019_3155_3377,0.2394226878879575
2019_3155_3380,0.7850220983572945
2019_3155_3390,0.17521124044051162
2019_3155_3393,0.24899232112804973
2019_3155_3397,0.47234289960650405
2019_3155_3400,0.3874909516504375
2019_3155_3401,0.42412184713508755
2019_3155_3406,0.6804718895446107
2019_3155_3413,0.631399136774273
2019_3155_3416,0.6215409164081234
2019_3155_3417,0.32891988153215934
2019_3155_3460,0.753560697977065
2019_3163_3177,0.8991901187283119
2019_3163_3179,0.8842715925120391
2019_3163_3195,0.9918258213875978
2019_3163_3199,0.9167859224811592
2019_3163_3200,1.0319855252526378
2019_3163_3211,0.7900484422375267
2019_3163_3231,0.9766608585461718
2019_3163_3234,0.7208265572424455
2019_3163_3235,0.8241982965853681
2019_3163_3243,0.9684794047469396
2019_3163_3246,0.8419538070767116
2019_3163_3257,0.49361862856738437
2019_3163_3263,1.0076966109774272
2019_3163_3266,0.7481589664160946
2019_3163_3268,0.7320955557600801
2019_3163_3273,1.0307913822690349
2019_3163_3274,0.8680303793530773
2019_3163_3276,0.8758326507315959
2019_3163_3277,0.9256905358809275
2019_3163_3280,0.30171349753201593
2019_3163_3281,0.9057210431118602
2019_3163_3283,1.0063143258146265
2019_3163_3301,0.8129593191315967
2019_3163_3308,1.0380821103463211
2019_3163_3314,0.9468255501808882
2019_3163_3323,0.26395329663602507
2019_3163_3332,0.5335947477465345
2019_3163_3333,0.8215744497827379
2019_3163_3340,1.0027352412480703
2019_3163_3343,0.9847768849775521
2019_3163_3346,0.9774646090358182
2019_3163_3347,1.0311647165398732
2019_3163_3349,0.9807318828842169
2019_3163_3352,1.025529614857707
2019_3163_3353,0.9143176877445883
2019_3163_3355,0.8505361074820913
2019_3163_3376,0.8604973859234581
2019_3163_3377,0.8142952024916607
2019_3163_3380,1.0392251113940603
2019_3163_3390,0.712426146557308
2019_3163_3393,0.8268874054740536
2019_3163_3397,0.9585254564767723
2019_3163_3400,0.9019565097177867
2019_3163_3401,0.9189507525460023
2019_3163_3406,1.0312079187633383
2019_3163_3413,1.006651865587457
2019_3163_3416,1.015417590844709
2019_3163_3417,0.8899124374638421
2019_3163_3460,1.0375431413802456
2019_3177_3179,0.5579805496215512
2019_3177_3195,0.7356075778038424
2019_3177_3199,0.49346719672197725
2019_3177_3200,0.8599814878626532
2019_3177_3211,0.37393830635945463
2019_3177_3231,0.7153898410043742
2019_3177_3234,0.32621841748351627
2019_3177_3235,0.3865364736895441
2019_3177_3243,0.6452723345122706
2019_3177_3246,0.45828186265881277
2019_3177_3257,0.1658050448803577
2019_3177_3263,0.7869659037217244
2019_3177_3266,0.22625048022813793
2019_3177_3268,0.3050146784189277
2019_3177_3273,0.8970379573972298
2019_3177_3274,0.44506780278003283
2019_3177_3276,0.5447536297673594
2019_3177_3277,0.6044180773943009
2019_3177_3280,0.04711319207991012
2019_3177_3281,0.5587808246837289
2019_3177_3283,0.7711908708241302
2019_3177_3301,0.4137285043791786
2019_3177_3308,0.8887589977318642
2019_3177_3314,0.6311256153916605
2019_3177_3323,0.026761046717940128
2019_3177_3332,0.11776813875088843
2019_3177_3333,0.3825962956821906
2019_3177_3340,0.8174439311178034
2019_3177_3343,0.6852590792526554
2019_3177_3346,0.6861665622901548
2019_3177_3347,0.8472523596678323
2019_3177_3349,0.6718866053359296
2019_3177_3352,0.898717995663166
2019_3177_3353,0.5500947183027117
2019_3177_3355,0.4405161226497361
2019_3177_3376,0.3900346013614555
2019_3177_3377,0.46608579846937664
2019_3177_3380,0.9444958976951907
2019_3177_3390,0.321345974062038
2019_3177_3393,0.3861348534757567
2019_3177_3397,0.6276002017267308
2019_3177_3400,0.5839169934862777
2019_3177_3401,0.5180936243281934
2019_3177_3406,0.8827791330461657
2019_3177_3413,0.8478146077539226
2019_3177_3416,0.7735962285502866
2019_3177_3417,0.4971586322501641
2019_3177_3460,0.8906055701508924
2019_3179_3195,0.740683025611675
2019_3179_3199,0.5138912727551184
2019_3179_3200,0.8711958182064847
2019_3179_3211,0.3925434056871922
2019_3179_3231,0.6868639695742844
2019_3179_3234,0.34964711348294775
2019_3179_3235,0.40120610618245794
2019_3179_3243,0.587670861152187
2019_3179_3246,0.4216250953451687
2019_3179_3257,0.12890906795750096
2019_3179_3263,0.7971507702525614
2019_3179_3266,0.2358682322931857
2019_3179_3268,0.3222707687595235
2019_3179_3273,0.856685311467529
2019_3179_3274,0.46575452250500893
2019_3179_3276,0.4756460591740459
2019_3179_3277,0.5255212396192808
2019_3179_3280,0.0358563983280163
2019_3179_3281,0.49803326586011887
2019_3179_3283,0.787422420299155
2019_3179_3301,0.43243358561810963
2019_3179_3308,0.8984064854590305
2019_3179_3314,0.5718719499569611
2019_3179_3323,0.02159212816467448
2019_3179_3332,0.14119483609768807
2019_3179_3333,0.394158078364082
2019_3179_3340,0.780560917545259
2019_3179_3343,0.7103761275278221
2019_3179_3346,0.6942211624082326
2019_3179_3347,0.8642859567992923
2019_3179_3349,0.7032368203347683
2019_3179_3352,0.8481047469080337
2019_3179_3353,0.49059772244953015
2019_3179_3355,0.3725259427387995
2019_3179_3376,0.40471599485858734
2019_3179_3377,0.38288948521432437
2019_3179_3380,0.9023907945439233
2019_3179_3390,0.3405183148592658
2019_3179_3393,0.40828182260494056
2019_3179_3397,0.6420971214675718
2019_3179_3400,0.5096598652088459
2019_3179_3401,0.533096399197931
2019_3179_3406,0.8492948496046356
2019_3179_3413,0.8031321774545844
2019_3179_3416,0.7945229502165404
2019_3179_3417,0.4580710629295289
2019_3179_3460,0.8897206164201933
2019_3195_3199,0.36255181982041423
2019_3195_3200,0.7198935939266833
2019_3195_3211,0.23177252310826102
2019_3195_3231,0.4834584530095025
2019_3195_3234,0.11112284750561185
2019_3195_3235,0.1308416075085091
2019_3195_3243,0.41798509821735286
2019_3195_3246,0.27353172028763434
2019_3195_3257,0.03493630838973835
2019_3195_3263,0.6246648881756772
2019_3195_3266,0.1097504294726838
2019_3195_3268,0.08725852551218849
2019_3195_3273,0.7191834705593247
2019_3195_3274,0.2343898645501213
2019_3195_3276,0.3288119724673454
2019_3195_3277,0.345506994330406
2019_3195_3280,-0.01753655013785545
2019_3195_3281,0.3241462476873119
2019_3195_3283,0.534217518614747
2019_3195_3301,0.15031311083110135
2019_3195_3308,0.762650085340609
2019_3195_3314,0.38922798766701705
2019_3195_3323,-0.01996509379786676
2019_3195_3332,0.019004206037070055
2019_3195_3333,0.17941967190956987
2019_3195_3340,0.618617720968351
2019_3195_3343,0.4496239853357774
2019_3195_3346,0.43257393993695475
2019_3195_3347,0.7126781485429627
2019_3195_3349,0.4233313098342893
2019_3195_3352,0.7184243049172458
2019_3195_3353,0.3232351695040329
2019_3195_3355,0.20704820132508545
2019_3195_3376,0.20288684567674392
2019_3195_3377,0.23703219033374281
2019_3195_3380,0.7922888113954958
2019_3195_3390,0.098123461317738
2019_3195_3393,0.14521571861663754
2019_3195_3397,0.3960471452538803
2019_3195_3400,0.3530495921160778
2019_3195_3401,0.3057110062602074
2019_3195_3406,0.7180655047611577
2019_3195_3413,0.640675905513147
2019_3195_3416,0.5529019539981503
2019_3195_3417,0.31018717290583087
2019_3195_3460,0.7092393338919789
2019_3199_3200,0.8645133364998161
2019_3199_3211,0.37368008897435145
2019_3199_3231,0.6710084537542452
2019_3199_3234,0.3185089091983088
2019_3199_3235,0.3495606201862283
2019_3199_3243,0.607406301474926
2019_3199_3246,0.4241395775125409
2019_3199_3257,0.13215357364288474
2019_3199_3263,0.7947163820071841
2019_3199_3266,0.2427325782147903
2019_3199_3268,0.2983402051351598
2019_3199_3273,0.8693505753592774
2019_3199_3274,0.44968200362587163
2019_3199_3276,0.5029032775993347
2019_3199_3277,0.5583063995490773
2019_3199_3280,0.013963993957153652
2019_3199_3281,0.5209566206935332
2019_3199_3283,0.6961610158576161
2019_3199_3301,0.42992407781140596
2019_3199_3308,0.8983150525841793
2019_3199_3314,0.5900895280349632
2019_3199_3323,0.004506033310351407
2019_3199_3332,0.1054570832184766
2019_3199_3333,0.37356507634450864
2019_3199_3340,0.8123084739721799
2019_3199_3343,0.6235575205749202
2019_3199_3346,0.5748794656225938
2019_3199_3347,0.864662101771307
2019_3199_3349,0.5896368164390184
2019_3199_3352,0.8994150161139804
2019_3199_3353,0.49330024283538637
2019_3199_3355,0.4086615616842124
2019_3199_3376,0.3867793468210817
2019_3199_3377,0.38675957211667294
2019_3199_3380,0.943323516900058
2019_3199_3390,0.3103509829398151
2019_3199_3393,0.3768273762869693
2019_3199_3397,0.5895939997934623
2019_3199_3400,0.5660329825413288
2019_3199_3401,0.5300323446159398
2019_3199_3406,0.8697175505060427
2019_3199_3413,0.820103126280394
2019_3199_3416,0.7270683514489128
2019_3199_3417,0.491212580030749
2019_3199_3460,0.846640709948572
2019_3200_3211,0.06116452386099982
2019_3200_3231,0.3086130197131374
2019_3200_3234,0.02657994273362218
2019_3200_3235,0.026310057428522566
2019_3200_3243,0.25186555743697225
2019_3200_3246,0.13250978841525626
2019_3200_3257,-0.019766071277399162
2019_3200_3263,0.4275308431387058
2019_3200_3266,9.391850396923803e-4
2019_3200_3268,0.012591677553500342
2019_3200_3273,0.5353140028489995
2019_3200_3274,0.061345615341984905
2019_3200_3276,0.1790085238706866
2019_3200_3277,0.21174821678421102
2019_3200_3280,-0.04813441247336612
2019_3200_3281,0.18440245751866263
2019_3200_3283,0.3644444522659992
2019_3200_3301,0.05378768589352158
2019_3200_3308,0.5456742835898843
2019_3200_3314,0.23301954058189653
2019_3200_3323,-0.049670388856363476
2019_3200_3332,-0.026378233990228768
2019_3200_3333,0.030236662025425888
2019_3200_3340,0.45952831639521596
2019_3200_3343,0.2912427344778079
2019_3200_3346,0.2596502946810164
2019_3200_3347,0.4897519072598541
2019_3200_3349,0.25290360329679606
2019_3200_3352,0.5507655195330349
2019_3200_3353,0.17322749458988046
2019_3200_3355,0.08312602934326876
2019_3200_3376,0.043947116464113915
2019_3200_3377,0.09332029472307116
2019_3200_3380,0.6281963721574442
2019_3200_3390,0.014349873897510714
2019_3200_3393,0.045810378078866204
2019_3200_3397,0.2504782260324492
2019_3200_3400,0.21639663632581646
2019_3200_3401,0.10446223035591533
2019_3200_3406,0.5286116809455932
2019_3200_3413,0.4639849580756186
2019_3200_3416,0.36118548838030523
2019_3200_3417,0.16088886520214413
2019_3200_3460,0.4898049230073321
2019_3211_3231,0.7636165779828314
2019_3211_3234,0.47389167752597466
2019_3211_3235,0.5214302643260649
2019_3211_3243,0.7239798611871926
2019_3211_3246,0.5495503420097864
2019_3211_3257,0.2817211153220605
2019_3211_3263,0.8842067091397781
2019_3211_3266,0.38912056935636974
2019_3211_3268,0.4485502188448015
2019_3211_3273,0.9466752906200251
2019_3211_3274,0.5804995731901976
2019_3211_3276,0.597806824604021
2019_3211_3277,0.6677952540130482
2019_3211_3280,0.10772501908080812
2019_3211_3281,0.6249324184489409
2019_3211_3283,0.8089207815317124
2019_3211_3301,0.5465823677046588
2019_3211_3308,0.9659423493057366
2019_3211_3314,0.6964302627171141
2019_3211_3323,0.0862355078268302
2019_3211_3332,0.23192989229169383
2019_3211_3333,0.5207047466431676
2019_3211_3340,0.9020026973222726
2019_3211_3343,0.752354207563701
2019_3211_3346,0.713549876660947
2019_3211_3347,0.9422252878315597
2019_3211_3349,0.731256077361147
2019_3211_3352,0.9580756133794466
2019_3211_3353,0.619862652291485
2019_3211_3355,0.5667839221580593
2019_3211_3376,0.5320941465480938
2019_3211_3377,0.5070022492606288
2019_3211_3380,0.9876261826787307
2019_3211_3390,0.49419586173468055
2019_3211_3393,0.5274659607864562
2019_3211_3397,0.6831152600052693
2019_3211_3400,0.6579182219230703
2019_3211_3401,0.6497266204189346
2019_3211_3406,0.9464025118277017
2019_3211_3413,0.9122192470873955
2019_3211_3416,0.8293572692353969
2019_3211_3417,0.602189465177997
2019_3211_3460,0.9244914988476637
2019_3231_3234,0.19822617431177986
2019_3231_3235,0.21814698799151694
2019_3231_3243,0.4056133808181891
2019_3231_3246,0.2507288539063862
2019_3231_3257,0.03044305745330623
2019_3231_3263,0.6169092024922753
2019_3231_3266,0.09644881249767012
2019_3231_3268,0.17466441076925665
2019_3231_3273,0.6724567015055073
2019_3231_3274,0.3018878275547745
2019_3231_3276,0.32988556240794253
2019_3231_3277,0.35877239886060325
2019_3231_3280,-0.022479043074383743
2019_3231_3281,0.3437604237885432
2019_3231_3283,0.574344238640241
2019_3231_3301,0.29006635717230095
2019_3231_3308,0.7311028282662472
2019_3231_3314,0.39869115291115753
2019_3231_3323,-0.027701860167231373
2019_3231_3332,0.03890363261747892
2019_3231_3333,0.23324035321322595
2019_3231_3340,0.5983722974037952
2019_3231_3343,0.5008341433796839
2019_3231_3346,0.4552286066718092
2019_3231_3347,0.6902130166755656
2019_3231_3349,0.47052869317216633
2019_3231_3352,0.6682226709881571
2019_3231_3353,0.3144525646826407
2019_3231_3355,0.2122983047876442
2019_3231_3376,0.23061832098672017
2019_3231_3377,0.22375721710401889
2019_3231_3380,0.741626976262572
2019_3231_3390,0.1734340021417276
2019_3231_3393,0.24326786988726967
2019_3231_3397,0.4400166877744346
2019_3231_3400,0.3646479222635798
2019_3231_3401,0.36659174196852307
2019_3231_3406,0.6554076287152272
2019_3231_3413,0.6147862526877574
2019_3231_3416,0.587727121808299
2019_3231_3417,0.2955873212705982
2019_3231_3460,0.7168679058216683
2019_3234_3235,0.5751095130641269
2019_3234_3243,0.7662415947129715
2019_3234_3246,0.5809669101206618
2019_3234_3257,0.2943277841143374
2019_3234_3263,0.9228863390686776
2019_3234_3266,0.46657688973311984
2019_3234_3268,0.4688899228179252
2019_3234_3273,0.9673764564216351
2019_3234_3274,0.6163487437818065
2019_3234_3276,0.6193343821352728
2019_3234_3277,0.709681320945976
2019_3234_3280,0.13680182148498166
2019_3234_3281,0.6578370120007422
2019_3234_3283,0.9006730841069105
2019_3234_3301,0.5632765335578598
2019_3234_3308,0.9855080456958385
2019_3234_3314,0.7285716046127984
2019_3234_3323,0.10354358909994518
2019_3234_3332,0.30632157249859226
2019_3234_3333,0.5645996597541332
2019_3234_3340,0.902388983532546
2019_3234_3343,0.8347766416397147
2019_3234_3346,0.8251068033539164
2019_3234_3347,0.9669447760091343
2019_3234_3349,0.8435721657458227
2019_3234_3352,0.9560030291150424
2019_3234_3353,0.6637145307210919
2019_3234_3355,0.6116870173505509
2019_3234_3376,0.5955824527915726
2019_3234_3377,0.5442416610732701
2019_3234_3380,0.9878877108021491
2019_3234_3390,0.49092012426287884
2019_3234_3393,0.5810860702000225
2019_3234_3397,0.7738915216901505
2019_3234_3400,0.656708175667649
2019_3234_3401,0.6976100454061003
2019_3234_3406,0.9626296811170058
2019_3234_3413,0.9202843967335224
2019_3234_3416,0.9212633892134907
2019_3234_3417,0.6270011355552162
2019_3234_3460,0.9862368242829923
2019_3235_3243,0.7265292398841109
2019_3235_3246,0.5200558868801014
2019_3235_3257,0.2548183692430699
2019_3235_3263,0.9123231876215634
2019_3235_3266,0.41264092493831983
2019_3235_3268,0.3987242221994809
2019_3235_3273,0.9641993787444901
2019_3235_3274,0.5900530633811482
2019_3235_3276,0.5803674804639908
2019_3235_3277,0.6444948059836471
2019_3235_3280,0.09362576737284303
2019_3235_3281,0.6369220678423286
2019_3235_3283,0.8230149366215999
2019_3235_3301,0.520985888293458
2019_3235_3308,0.9846509914946766
2019_3235_3314,0.6820003529930139
2019_3235_3323,0.06587775877393114
2019_3235_3332,0.2030105079768149
2019_3235_3333,0.5297509626418295
2019_3235_3340,0.8977925478561506
2019_3235_3343,0.746919348283203
2019_3235_3346,0.7219318745596525
2019_3235_3347,0.9688229946081324
2019_3235_3349,0.793755796702032
2019_3235_3352,0.955519170834504
2019_3235_3353,0.6362047875012132
2019_3235_3355,0.5411006733778356
2019_3235_3376,0.5599861484621178
2019_3235_3377,0.486007230217942
2019_3235_3380,0.9895778780840935
2019_3235_3390,0.42289592484110033
2019_3235_3393,0.5024934548916449
2019_3235_3397,0.6805082277949942
2019_3235_3400,0.6371498815506648
2019_3235_3401,0.6804591747892859
2019_3235_3406,0.9638950199922762
2019_3235_3413,0.9160826544940379
2019_3235_3416,0.897941646167987
2019_3235_3417,0.5811242923984967
2019_3235_3460,0.9681190854641525
2019_3243_3246,0.31292377523136167
2019_3243_3257,0.07381705966050876
2019_3243_3263,0.6706224541631591
2019_3243_3266,0.11730362803800629
2019_3243_3268,0.2046587144697451
2019_3243_3273,0.7330262767904367
2019_3243_3274,0.37948393008904163
2019_3243_3276,0.39592612962361284
2019_3243_3277,0.46286265113361375
2019_3243_3280,-0.0053868016054339695
2019_3243_3281,0.4011165321854374
2019_3243_3283,0.6573117678753995
2019_3243_3301,0.33036793123608
2019_3243_3308,0.7869268555107742
2019_3243_3314,0.4916257203897441
2019_3243_3323,-0.015252823496954494
2019_3243_3332,0.051565937484212454
2019_3243_3333,0.2944530376141271
2019_3243_3340,0.6564695840897047
2019_3243_3343,0.573658656165563
2019_3243_3346,0.522149024457028
2019_3243_3347,0.7446848804799268
2019_3243_3349,0.527847979229015
2019_3243_3352,0.7468435600685773
2019_3243_3353,0.37647399671298654
2019_3243_3355,0.2651260495312746
2019_3243_3376,0.30969564388798876
2019_3243_3377,0.2726866951237836
2019_3243_3380,0.8122422023287774
2019_3243_3390,0.2086800214508237
2019_3243_3393,0.28534320507008576
2019_3243_3397,0.5179189204173233
2019_3243_3400,0.43019398133229136
2019_3243_3401,0.4483308477081508
2019_3243_3406,0.7221271046513833
2019_3243_3413,0.6679003670933719
2019_3243_3416,0.6570084344222045
2019_3243_3417,0.3687290326709022
2019_3243_3460,0.791163296268402
2019_3246_3257,0.24982417791213324
2019_3246_3263,0.796437352488493
2019_3246_3266,0.2879048253779619
2019_3246_3268,0.41717005866411483
2019_3246_3273,0.9138014027472465
2019_3246_3274,0.5532473742058084
2019_3246_3276,0.5900928765804804
2019_3246_3277,0.6386623708428103
2019_3246_3280,0.07683859827380968
2019_3246_3281,0.6071590854309066
2019_3246_3283,0.7793389112771396
2019_3246_3301,0.5366547548311436
2019_3246_3308,0.9097586727982444
2019_3246_3314,0.6708935964177418
2019_3246_3323,0.05999149225594861
2019_3246_3332,0.18329146117549464
2019_3246_3333,0.48312993796220355
2019_3246_3340,0.8635585853298279
2019_3246_3343,0.7207999166681549
2019_3246_3346,0.6720912733504479
2019_3246_3347,0.8767439386547045
2019_3246_3349,0.6756653172270034
2019_3246_3352,0.9221641951414983
2019_3246_3353,0.588877799397139
2019_3246_3355,0.4752751887250238
2019_3246_3376,0.49871625445656215
2019_3246_3377,0.4885244282663025
2019_3246_3380,0.9609259378051187
2019_3246_3390,0.4334024768332515
2019_3246_3393,0.492275881522905
2019_3246_3397,0.6698697414775291
2019_3246_3400,0.6440347944554888
2019_3246_3401,0.6280977928649804
2019_3246_3406,0.9169288197380758
2019_3246_3413,0.870648958139502
2019_3246_3416,0.7887458075837488
2019_3246_3417,0.5610996658687
2019_3246_3460,0.9036317338816037
2019_3257_3263,0.9911742187503524
2019_3257_3266,0.6655470868700047
2019_3257_3268,0.6522934295956325
2019_3257_3273,1.0185542864159562
2019_3257_3274,0.7844425822018268
2019_3257_3276,0.8364650162321612
2019_3257_3277,0.8774278709742944
2019_3257_3280,0.2988821987943486
2019_3257_3281,0.8436812625180693
2019_3257_3283,0.9932849146604724
2019_3257_3301,0.7317006999707096
2019_3257_3308,1.028586989857231
2019_3257_3314,0.9027765672780637
2019_3257_3323,0.28579222844503643
2019_3257_3332,0.5297582039056825
2019_3257_3333,0.729924207419226
2019_3257_3340,0.9839443989581185
2019_3257_3343,0.9710779590321831
2019_3257_3346,0.9523889757569949
2019_3257_3347,1.019106405068284
2019_3257_3349,0.9642219374965958
2019_3257_3352,1.0106284222663868
2019_3257_3353,0.8454372988367347
2019_3257_3355,0.7657292040042449
2019_3257_3376,0.7727159856702187
2019_3257_3377,0.7494840404144059
2019_3257_3380,1.0276679285347012
2019_3257_3390,0.6899223978263918
2019_3257_3393,0.7517025329228291
2019_3257_3397,0.9378754960269895
2019_3257_3400,0.8516135428734767
2019_3257_3401,0.8499420209989852
2019_3257_3406,1.0177084174336741
2019_3257_3413,0.990150972151042
2019_3257_3416,1.0061050790138153
2019_3257_3417,0.8135571178974349
2019_3257_3460,1.0284435540547103
2019_3263_3266,0.04299340177234067
2019_3263_3268,0.05777612390756208
2019_3263_3273,0.6179110574364529
2019_3263_3274,0.12596210877094927
2019_3263_3276,0.2397489941888405
2019_3263_3277,0.28956086586354896
2019_3263_3280,-0.030451453398379312
2019_3263_3281,0.24993131496005921
2019_3263_3283,0.4551517274225829
2019_3263_3301,0.10880459836171649
2019_3263_3308,0.6400092008544603
2019_3263_3314,0.324871360663887
2019_3263_3323,-0.031230004762710196
2019_3263_3332,2.766386858985146e-4
2019_3263_3333,0.08708573620171181
2019_3263_3340,0.5492051974115288
2019_3263_3343,0.38227152591077357
2019_3263_3346,0.35278298983552303
2019_3263_3347,0.5764955485783447
2019_3263_3349,0.33720665484813606
2019_3263_3352,0.6186281078508611
2019_3263_3353,0.24223308099791238
2019_3263_3355,0.15623740839989142
2019_3263_3376,0.09894101309195931
2019_3263_3377,0.15461801190370256
2019_3263_3380,0.6935914844186518
2019_3263_3390,0.06492815117721638
2019_3263_3393,0.10827932930701126
2019_3263_3397,0.3317839381723857
2019_3263_3400,0.28923601826099127
2019_3263_3401,0.17434882979087463
2019_3263_3406,0.6157464916253412
2019_3263_3413,0.5583906631156965
2019_3263_3416,0.4414096078451949
2019_3263_3417,0.24077483435062613
2019_3263_3460,0.5806359346554798
2019_3266_3268,0.4926885581413406
2019_3266_3273,1.000924618806544
2019_3266_3274,0.6607652084081901
2019_3266_3276,0.7701220443109977
2019_3266_3277,0.8268816058941756
2019_3266_3280,0.1562713902817267
2019_3266_3281,0.8080770015832595
2019_3266_3283,0.9350577332397197
2019_3266_3301,0.6116636773156584
2019_3266_3308,1.007310181733097
2019_3266_3314,0.8554841516933298
2019_3266_3323,0.11391120896343143
2019_3266_3332,0.2827616505893781
2019_3266_3333,0.5925450661315056
2019_3266_3340,0.9581910940698608
2019_3266_3343,0.8888618901961094
2019_3266_3346,0.8736765403650452
2019_3266_3347,0.9962967907905671
2019_3266_3349,0.8821637826180678
2019_3266_3352,1.004380690148061
2019_3266_3353,0.8067021350657022
2019_3266_3355,0.7153880512976177
2019_3266_3376,0.616021571748284
2019_3266_3377,0.6894438493007102
2019_3266_3380,1.0225211001757466
2019_3266_3390,0.5402482887360303
2019_3266_3393,0.583618231413079
2019_3266_3397,0.8348485095769076
2019_3266_3400,0.8065520814838777
2019_3266_3401,0.7324458019218978
2019_3266_3406,0.9990955867390644
2019_3266_3413,0.9702877972340683
2019_3266_3416,0.9506299870201402
2019_3266_3417,0.7600090026042962
2019_3266_3460,0.9905985612873215
2019_3268_3273,0.9869806076736423
2019_3268_3274,0.6749822591250823
2019_3268_3276,0.6395295089171102
2019_3268_3277,0.7245839213848689
2019_3268_3280,0.1631633365710436
2019_3268_3281,0.682834090723423
2019_3268_3283,0.8778319892734633
2019_3268_3301,0.604906268163899
2019_3268_3308,1.0062803320950613
2019_3268_3314,0.7563416464835073
2019_3268_3323,0.13678102237190842
2019_3268_3332,0.2970888992112298
2019_3268_3333,0.6183510197599074
2019_3268_3340,0.94774877066785
2019_3268_3343,0.8220336741447645
2019_3268_3346,0.7756733028770231
2019_3268_3347,0.9916121098889761
2019_3268_3349,0.8421730950257112
2019_3268_3352,0.9735112969092141
2019_3268_3353,0.6819014037784553
2019_3268_3355,0.6329744909688066
2019_3268_3376,0.6488022862418517
2019_3268_3377,0.5487352944979271
2019_3268_3380,0.9996009799971276
2019_3268_3390,0.5390921506029872
2019_3268_3393,0.6109753951792473
2019_3268_3397,0.7542728249440005
2019_3268_3400,0.7010983204074333
2019_3268_3401,0.7400137534381395
2019_3268_3406,0.9877393110747921
2019_3268_3413,0.9511429538812226
2019_3268_3416,0.922963197342286
2019_3268_3417,0.6547303191081666
2019_3268_3460,0.9909645412188374
2019_3273_3274,0.06999812521237488
2019_3273_3276,0.19103862362652818
2019_3273_3277,0.1996900089290618
2019_3273_3280,-0.04838725788109937
2019_3273_3281,0.19153933754577618
2019_3273_3283,0.3694757146076117
2019_3273_3301,0.059994324365645335
2019_3273_3308,0.5002786070428349
2019_3273_3314,0.22876202475890559
2019_3273_3323,-0.05060017642726582
2019_3273_3332,-0.024838955535686866
2019_3273_3333,0.03743288063816459
2019_3273_3340,0.40051245614815195
2019_3273_3343,0.2821937626892618
2019_3273_3346,0.26612812097961613
2019_3273_3347,0.4464963381495308
2019_3273_3349,0.26243177532076756
2019_3273_3352,0.5536039718362921
2019_3273_3353,0.18382792059401426
2019_3273_3355,0.052578735188129264
2019_3273_3376,0.04603826844102162
2019_3273_3377,0.10184045772575498
2019_3273_3380,0.6330371949407849
2019_3273_3390,0.01371577594412154
2019_3273_3393,0.05010685079721246
2019_3273_3397,0.2506756932847548
2019_3273_3400,0.22133231995676997
2019_3273_3401,0.11333021168930432
2019_3273_3406,0.47973981036387164
2019_3273_3413,0.42544634716624596
2019_3273_3416,0.3853420407313492
2019_3273_3417,0.11303051919987088
2019_3273_3460,0.4996944524730262
2019_3274_3276,0.5122457375755993
2019_3274_3277,0.5788574161156499
2019_3274_3280,0.0699296663172073
2019_3274_3281,0.5427289997966658
2019_3274_3283,0.7538427417739326
2019_3274_3301,0.4516837698797535
2019_3274_3308,0.9326172236769636
2019_3274_3314,0.5981807822058066
2019_3274_3323,0.0431911479451018
2019_3274_3332,0.15905215803903364
2019_3274_3333,0.4458915770489096
2019_3274_3340,0.8620075188609251
2019_3274_3343,0.6690193203686846
2019_3274_3346,0.6392902125042659
2019_3274_3347,0.9066529198848873
2019_3274_3349,0.6544020067620697
2019_3274_3352,0.9180286172594357
2019_3274_3353,0.5290332188261838
2019_3274_3355,0.49327407185622735
2019_3274_3376,0.44351354282922256
2019_3274_3377,0.4218134190644672
2019_3274_3380,0.9596917215177434
2019_3274_3390,0.3753211319833251
2019_3274_3393,0.42087152688110824
2019_3274_3397,0.5972464344601398
2019_3274_3400,0.5466827419218883
2019_3274_3401,0.5822633157243209
2019_3274_3406,0.9205868715604455
2019_3274_3413,0.8852295203050782
2019_3274_3416,0.7667710849843068
2019_3274_3417,0.5017509857188054
2019_3274_3460,0.9169504485955269
2019_3276_3277,0.57917776443614
2019_3276_3280,0.041421464986858066
2019_3276_3281,0.48338631761204953
2019_3276_3283,0.7261191470627937
2019_3276_3301,0.4705500770786853
2019_3276_3308,0.8549510712863093
2019_3276_3314,0.6002825508495759
2019_3276_3323,0.0290811044155078
2019_3276_3332,0.12785365695642506
2019_3276_3333,0.42397418144280496
2019_3276_3340,0.7628727115062257
2019_3276_3343,0.6678631992997283
2019_3276_3346,0.6190655002370369
2019_3276_3347,0.8131655305959893
2019_3276_3349,0.6307197782740279
2019_3276_3352,0.8005145663569406
2019_3276_3353,0.4624360798307099
2019_3276_3355,0.38641062472259524
2019_3276_3376,0.4151115979191943
2019_3276_3377,0.39738624894244506
2019_3276_3380,0.8584318243561956
2019_3276_3390,0.34476110912910096
2019_3276_3393,0.4387342411689449
2019_3276_3397,0.5969243537634863
2019_3276_3400,0.5281005724705837
2019_3276_3401,0.5504999670562933
2019_3276_3406,0.7990304342635282
2019_3276_3413,0.7750912244104775
2019_3276_3416,0.7256848795254693
2019_3276_3417,0.4639026074638647
2019_3276_3460,0.8474260089074639
2019_3277_3280,0.019785084011492017
2019_3277_3281,0.4289596138680494
2019_3277_3283,0.705553659428013
2019_3277_3301,0.36612971862973326
2019_3277_3308,0.8220182110992921
2019_3277_3314,0.5330613457510832
2019_3277_3323,0.005629895225473193
2019_3277_3332,0.09431835867605141
2019_3277_3333,0.3564376173061416
2019_3277_3340,0.6882411134543188
2019_3277_3343,0.621685998173428
2019_3277_3346,0.6007773959528058
2019_3277_3347,0.7749156892021289
2019_3277_3349,0.5938686510388692
2019_3277_3352,0.7798250219076206
2019_3277_3353,0.40666366821175737
2019_3277_3355,0.3239835288139171
2019_3277_3376,0.3439923427470792
2019_3277_3377,0.3206193629445675
2019_3277_3380,0.8476847583329201
2019_3277_3390,0.2685974307934319
2019_3277_3393,0.3344843177299088
2019_3277_3397,0.5601459168761534
2019_3277_3400,0.4527193511018588
2019_3277_3401,0.4900650748132437
2019_3277_3406,0.7559250581767099
2019_3277_3413,0.7259621940990958
2019_3277_3416,0.7025598195008447
2019_3277_3417,0.4051147374470564
2019_3277_3460,0.8322483245871698
2019_3280_3281,0.9681034358409832
2019_3280_3283,1.032780550450896
2019_3280_3301,0.8972303330577075
2019_3280_3308,1.0535870519396286
2019_3280_3314,0.9917571836200525
2019_3280_3323,0.4658719967676128
2019_3280_3332,0.7256510786276316
2019_3280_3333,0.8923614726745862
2019_3280_3340,1.0246314096175149
2019_3280_3343,1.0193815870292524
2019_3280_3346,1.0147219450278886
2019_3280_3347,1.0464882928942196
2019_3280_3349,1.016922841533862
2019_3280_3352,1.0434740639073383
2019_3280_3353,0.9749633629616937
2019_3280_3355,0.912865768203581
2019_3280_3376,0.9352915594057636
2019_3280_3377,0.913948145168369
2019_3280_3380,1.0544709044273364
2019_3280_3390,0.8604315322654811
2019_3280_3393,0.9142350350399935
2019_3280_3397,1.0079197560150326
2019_3280_3400,0.9715038671554869
2019_3280_3401,0.9707406309010832
2019_3280_3406,1.04844089669032
2019_3280_3413,1.0268937600670207
2019_3280_3416,1.0412728287758912
2019_3280_3417,0.9600502682513768
2019_3280_3460,1.0534381872120364
2019_3281_3283,0.7244668230454308
2019_3281_3301,0.43092629437789187
2019_3281_3308,0.8573020218872562
2019_3281_3314,0.5847118135942468
2019_3281_3323,0.01090660150121856
2019_3281_3332,0.11313659069542861
2019_3281_3333,0.3839505061426295
2019_3281_3340,0.7461855501281474
2019_3281_3343,0.6616558513880475
2019_3281_3346,0.6094516246354322
2019_3281_3347,0.8165339988098239
2019_3281_3349,0.6093515818032438
2019_3281_3352,0.8567722724991895
2019_3281_3353,0.4722257671405735
2019_3281_3355,0.3579150038278096
2019_3281_3376,0.3946436662258416
2019_3281_3377,0.4018310311024276
2019_3281_3380,0.9066701914431409
2019_3281_3390,0.3376330845032368
2019_3281_3393,0.39242731441832945
2019_3281_3397,0.593786952764852
2019_3281_3400,0.5392572336358744
2019_3281_3401,0.5255614077684854
2019_3281_3406,0.7937139661255287
2019_3281_3413,0.7575692180357838
2019_3281_3416,0.7110807926842672
2019_3281_3417,0.44708886356870725
2019_3281_3460,0.8391572373287668
2019_3283_3301,0.23082721925022506
2019_3283_3308,0.683913857329512
2019_3283_3314,0.33739203386659133
2019_3283_3323,-0.04167965796058977
2019_3283_3332,0.004001083539621616
2019_3283_3333,0.18654544138197868
2019_3283_3340,0.5352610666195885
2019_3283_3343,0.4060447801596319
2019_3283_3346,0.3910651701641723
2019_3283_3347,0.622606718816942
2019_3283_3349,0.401501418850114
2019_3283_3352,0.6340259697121424
2019_3283_3353,0.2616296329377534
2019_3283_3355,0.1578551509920541
2019_3283_3376,0.20224011445373144
2019_3283_3377,0.180898693114988
2019_3283_3380,0.7131438412262291
2019_3283_3390,0.0823205493962639
2019_3283_3393,0.19392224878153652
2019_3283_3397,0.3755006324070129
2019_3283_3400,0.30831271133104227
2019_3283_3401,0.3236232644388385
2019_3283_3406,0.6272752101993121
2019_3283_3413,0.5628785124654032
2019_3283_3416,0.5486354432206784
2019_3283_3417,0.26420225255944796
2019_3283_3460,0.6879244627332048
2019_3301_3308,0.9664171169106448
2019_3301_3314,0.6275488721168763
2019_3301_3323,0.07586503298992511
2019_3301_3332,0.21065390668721298
2019_3301_3333,0.5065334730398389
2019_3301_3340,0.8882040292251592
2019_3301_3343,0.7078342479429253
2019_3301_3346,0.6619683145425607
2019_3301_3347,0.9462112331624477
2019_3301_3349,0.7559289349893427
2019_3301_3352,0.9227660876593692
2019_3301_3353,0.5585112196652989
2019_3301_3355,0.5338299284505782
2019_3301_3376,0.5087098883251591
2019_3301_3377,0.44666159417516055
2019_3301_3380,0.9619434213376726
2019_3301_3390,0.4355410296266201
2019_3301_3393,0.4947411389962867
2019_3301_3397,0.6244843919023615
2019_3301_3400,0.5780794278700038
2019_3301_3401,0.6261929578591782
2019_3301_3406,0.9325684873663764
2019_3301_3413,0.9011765485870971
2019_3301_3416,0.8397745072415317
2019_3301_3417,0.5247148863659327
2019_3301_3460,0.9401119310852927
2019_3308_3314,0.21442341892327094
2019_3308_3323,-0.0560131967516148
2019_3308_3332,-0.03159610057778902
2019_3308_3333,0.020823272027663688
2019_3308_3340,0.40411333905819113
2019_3308_3343,0.24090325286479128
2019_3308_3346,0.22048917112692185
2019_3308_3347,0.4478914266646824
2019_3308_3349,0.20762741829640774
2019_3308_3352,0.5144127532872308
2019_3308_3353,0.1391836207738078
2019_3308_3355,0.0622509874677352
2019_3308_3376,0.026915716943592276
2019_3308_3377,0.06511455988801854
2019_3308_3380,0.5970864695939162
2019_3308_3390,-0.0013577624944430833
2019_3308_3393,0.027255207534815244
2019_3308_3397,0.2133664493472723
2019_3308_3400,0.1704579181822077
2019_3308_3401,0.08564259659025285
2019_3308_3406,0.4950583905390822
2019_3308_3413,0.4226092979086727
2019_3308_3416,0.3333972700304343
2019_3308_3417,0.13097861279255477
2019_3308_3460,0.4534092188042692
2019_3314_3323,-0.005418988683068499
2019_3314_3332,0.07448120783914866
2019_3314_3333,0.3370342217225656
2019_3314_3340,0.6564660685486028
2019_3314_3343,0.5773877879279892
2019_3314_3346,0.5473676437421282
2019_3314_3347,0.7538626061447371
2019_3314_3349,0.5553135004122043
2019_3314_3352,0.757820628638345
2019_3314_3353,0.39013312008651135
2019_3314_3355,0.3025769201802141
2019_3314_3376,0.3173560184559113
2019_3314_3377,0.2982632392478121
2019_3314_3380,0.8290871951440687
2019_3314_3390,0.23987089340638829
2019_3314_3393,0.30261370420011685
2019_3314_3397,0.5078176748018705
2019_3314_3400,0.4287350016100702
2019_3314_3401,0.47547562714639807
2019_3314_3406,0.722290530776452
2019_3314_3413,0.6956588960092708
2019_3314_3416,0.6718132288855262
2019_3314_3417,0.37549078354684273
2019_3314_3460,0.7989659066102752
2019_3323_3332,0.7672112825271953
2019_3323_3333,0.9262082909677677
2019_3323_3340,1.0296913142277935
2019_3323_3343,1.0260389803953642
2019_3323_3346,1.0204902896529038
2019_3323_3347,1.0496084049875958
2019_3323_3349,1.0221079608185812
2019_3323_3352,1.0451094894760191
2019_3323_3353,0.98867439081042785
2019_3323_3355,0.9415300208645316
2019_3323_3376,0.9575841050285717
2019_3323_3377,0.9342784379192055
2019_3323_3380,1.056400124477107
2019_3323_3390,0.8848936086345727
2019_3323_3393,0.9386385103374437
2019_3323_3397,1.0139062078126377
2019_3323_3400,0.9820969474404263
2019_3323_3401,0.9867974931830673
2019_3323_3406,1.0514050093176648
2019_3323_3413,1.0305887698942444
2019_3323_3416,1.0438862908933146
2019_3323_3417,0.975937863003894
2019_3323_3460,1.0558029985227582
2019_3332_3333,0.7986689102415753
2019_3332_3340,0.9937298335203583
2019_3332_3343,0.9741099187567682
2019_3332_3346,0.9628971520977272
2019_3332_3347,1.0245681289752848
2019_3332_3349,0.9689456653197981
2019_3332_3352,1.0179501303432656
2019_3332_3353,0.8888778695231256
2019_3332_3355,0.8312779434647612
2019_3332_3376,0.8290257604684058
2019_3332_3377,0.7880236691734029
2019_3332_3380,1.0329143299289694
2019_3332_3390,0.6941850390094091
2019_3332_3393,0.8000328709142833
2019_3332_3397,0.9405963389466037
2019_3332_3400,0.8803838712423951
2019_3332_3401,0.8993822222073409
2019_3332_3406,1.0232855852435816
2019_3332_3413,1.0002932004884568
2019_3332_3416,1.0054640409669262
2019_3332_3417,0.8626518290696554
2019_3332_3460,1.0317746795315383
2019_3333_3340,0.9021189248345362
2019_3333_3343,0.7443315352941188
2019_3333_3346,0.7142241635214749
2019_3333_3347,0.947653769234949
2019_3333_3349,0.7309213681689077
2019_3333_3352,0.9520727064626238
2019_3333_3353,0.6132440152310438
2019_3333_3355,0.5602730673561818
2019_3333_3376,0.5172954814255293
2019_3333_3377,0.49057123151075893
2019_3333_3380,0.9852188034286853
2019_3333_3390,0.44320519298691075
2019_3333_3393,0.47689168494783357
2019_3333_3397,0.6629637273916141
2019_3333_3400,0.6154483868827517
2019_3333_3401,0.6424900960641126
2019_3333_3406,0.9587617732538257
2019_3333_3413,0.9199069611247219
2019_3333_3416,0.8333063581687326
2019_3333_3417,0.5693011554290327
2019_3333_3460,0.951459571747977
2019_3340_3343,0.37814069783325516
2019_3340_3346,0.34922914967514
2019_3340_3347,0.5359712772338419
2019_3340_3349,0.352622295290325
2019_3340_3352,0.6212929385326936
2019_3340_3353,0.25179481805114984
2019_3340_3355,0.1274953655133653
2019_3340_3376,0.10295756902199615
2019_3340_3377,0.1594623107913779
2019_3340_3380,0.6964649266005372
2019_3340_3390,0.07024913397573547
2019_3340_3393,0.12007879296308388
2019_3340_3397,0.3230875998850222
2019_3340_3400,0.2724342672590682
2019_3340_3401,0.1846486643269279
2019_3340_3406,0.5802664814400063
2019_3340_3413,0.5161684363018099
2019_3340_3416,0.4652943311852331
2019_3340_3417,0.1769251793096856
2019_3340_3460,0.5838574692417857
2019_3343_3346,0.4753832887035199
2019_3343_3347,0.7122192670656103
2019_3343_3349,0.4874429173733281
2019_3343_3352,0.7041460451199857
2019_3343_3353,0.3355177114350178
2019_3343_3355,0.23546508049990078
2019_3343_3376,0.27938331233017355
2019_3343_3377,0.23644679121269227
2019_3343_3380,0.7756510404565565
2019_3343_3390,0.1344621690079508
2019_3343_3393,0.2714179656436172
2019_3343_3397,0.4490614072796193
2019_3343_3400,0.3801224575378297
2019_3343_3401,0.40227863351010507
2019_3343_3406,0.7093687796891526
2019_3343_3413,0.6477968246872985
2019_3343_3416,0.6215422531483219
2019_3343_3417,0.34008631316884014
2019_3343_3460,0.762730819222309
2019_3346_3347,0.7409527849320872
2019_3346_3349,0.5201267948204459
2019_3346_3352,0.7378089842042115
2019_3346_3353,0.38335773053771927
2019_3346_3355,0.23862772975740362
2019_3346_3376,0.3224082628882428
2019_3346_3377,0.27928072747669247
2019_3346_3380,0.8089546006384986
2019_3346_3390,0.16371799943786422
2019_3346_3393,0.2988745416133848
2019_3346_3397,0.49418923462842657
2019_3346_3400,0.43052879442047287
2019_3346_3401,0.44822112037429723
2019_3346_3406,0.7456504350074776
2019_3346_3413,0.66443428253098
2019_3346_3416,0.6615665487166668
2019_3346_3417,0.3780640821063129
2019_3346_3460,0.7847758997458588
2019_3347_3349,0.2586554478380571
2019_3347_3352,0.5610041506836893
2019_3347_3353,0.17732015140427695
2019_3347_3355,0.0937640005108619
2019_3347_3376,0.047570944597496875
2019_3347_3377,0.09126736481771162
2019_3347_3380,0.6367843099707781
2019_3347_3390,0.014705777683537008
2019_3347_3393,0.05052260217966004
2019_3347_3397,0.2557457192860266
2019_3347_3400,0.21071638694657407
2019_3347_3401,0.11138328580803898
2019_3347_3406,0.5412365615521342
2019_3347_3413,0.47077937964281596
2019_3347_3416,0.3780656860432899
2019_3347_3417,0.16502575127231772
2019_3347_3460,0.5062338171438422
2019_3349_3352,0.7457631296276038
2019_3349_3353,0.3899693843215899
2019_3349_3355,0.23165726148588858
2019_3349_3376,0.3224468835541735
2019_3349_3377,0.2635880831721043
2019_3349_3380,0.811050360077588
2019_3349_3390,0.12144522920419443
2019_3349_3393,0.2328105882488029
2019_3349_3397,0.46419187355094993
2019_3349_3400,0.43260983728767705
2019_3349_3401,0.42695703526580236
2019_3349_3406,0.7410092542241473
2019_3349_3413,0.6596956929444252
2019_3349_3416,0.6296202191888589
2019_3349_3417,0.3535763841232686
2019_3349_3460,0.7841807807639879
2019_3352_3353,0.12932086930225375
2019_3352_3355,0.03750694124817676
2019_3352_3376,0.05718524104934897
2019_3352_3377,0.11261534673307594
2019_3352_3380,0.5786526100877211
2019_3352_3390,0.028519706227615106
2019_3352_3393,0.0690671314829269
2019_3352_3397,0.27204379469354745
2019_3352_3400,0.16920805744372494
2019_3352_3401,0.13312808642661725
2019_3352_3406,0.4315043426095363
2019_3352_3413,0.3853534879377863
2019_3352_3416,0.37282632354491113
2019_3352_3417,0.07971442119399878
2019_3352_3460,0.4990837592159868
2019_3353_3355,0.34536278274492194
2019_3353_3376,0.4122638211307573
2019_3353_3377,0.4161021682870557
2019_3353_3380,0.9168183141741736
2019_3353_3390,0.32756277482619217
2019_3353_3393,0.39855268872989347
2019_3353_3397,0.6226758002809019
2019_3353_3400,0.5654981755977843
2019_3353_3401,0.5466002261219379
2019_3353_3406,0.8099304600416873
2019_3353_3413,0.7540503160364185
2019_3353_3416,0.7323412454421293
2019_3353_3417,0.4719325241136848
2019_3353_3460,0.8510239068421221
2019_3355_3376,0.4735117589918465
2019_3355_3377,0.5313326385187706
2019_3355_3380,0.9803671832540506
2019_3355_3390,0.395918379608898
2019_3355_3393,0.45869957285945795
2019_3355_3397,0.7003540104310533
2019_3355_3400,0.6608453367323018
2019_3355_3401,0.5873416534131233
2019_3355_3406,0.9415287151410178
2019_3355_3413,0.8908363002020913
2019_3355_3416,0.8515449900417739
2019_3355_3417,0.5667451131308094
2019_3355_3460,0.9382026865533535
2019_3376_3377,0.47234324434625935
2019_3376_3380,0.9769550380971097
2019_3376_3390,0.38120714532632527
2019_3376_3393,0.45493270137629976
2019_3376_3397,0.6825588158752286
2019_3376_3400,0.6229505598503291
2019_3376_3401,0.6285143629453671
2019_3376_3406,0.9495126291844098
2019_3376_3413,0.9061537678501284
2019_3376_3416,0.8150780273759182
2019_3376_3417,0.576882050005614
2019_3376_3460,0.9451366019157568
2019_3377_3380,0.9349838249276203
2019_3377_3390,0.44120685287369443
2019_3377_3393,0.5289278677430095
2019_3377_3397,0.705142585916996
2019_3377_3400,0.6281243209397812
2019_3377_3401,0.6463774992220415
2019_3377_3406,0.8975430170113159
2019_3377_3413,0.8496803595034811
2019_3377_3416,0.8331179618541176
2019_3377_3417,0.566409524918966
2019_3377_3460,0.9198270046460643
2019_3380_3390,7.972330029777999e-7
2019_3380_3393,0.027721509256469035
2019_3380_3397,0.1979063709966109
2019_3380_3400,0.11181018978264598
2019_3380_3401,0.08016731218026449
2019_3380_3406,0.35474310209119886
2019_3380_3413,0.30628178084551305
2019_3380_3416,0.29366774936998763
2019_3380_3417,0.038034520969580446
2019_3380_3460,0.4107257581920445
2019_3390_3393,0.5826743233281219
2019_3390_3397,0.8124216708263013
2019_3390_3400,0.6772755171595044
2019_3390_3401,0.7010818099463967
2019_3390_3406,0.9844555621848265
2019_3390_3413,0.936554443720798
2019_3390_3416,0.9367049738353954
2019_3390_3417,0.6447014942456801
2019_3390_3460,1.001286458419682
2019_3393_3397,0.6726996323295727
2019_3393_3400,0.6186319555421871
2019_3393_3401,0.6577458421122989
2019_3393_3406,0.9455753362805568
2019_3393_3413,0.9019450197736525
2019_3393_3416,0.8692233797241181
2019_3393_3417,0.573879747712731
2019_3393_3460,0.9568077774280169
2019_3397_3400,0.4352900453238986
2019_3397_3401,0.4696270830501791
2019_3397_3406,0.7299585975034756
2019_3397_3413,0.707980047651002
2019_3397_3416,0.6570935980185951
2019_3397_3417,0.3855885756802501
2019_3397_3460,0.7910879079380334
2019_3400_3401,0.5112288922863332
2019_3400_3406,0.7721321019535687
2019_3400_3413,0.7392005668549204
2019_3400_3416,0.6806656911172054
2019_3400_3417,0.4125774399397818
2019_3400_3460,0.8158724331120114
2019_3401_3406,0.8794884884892152
2019_3401_3413,0.8313802043324248
2019_3401_3416,0.6925625265557167
2019_3401_3417,0.4309984591316165
2019_3401_3460,0.8681902708308259
2019_3406_3413,0.4327845390429145
2019_3406_3416,0.3990170027635716
2019_3406_3417,0.12273106626673838
2019_3406_3460,0.5064392338907617
2019_3413_3416,0.4563854598891578
2019_3413_3417,0.1574953592767904
2019_3413_3460,0.5681943981297043
2019_3416_3417,0.23547564653399072
2019_3416_3460,0.6635459353251363
2019_3417_3460,0.8742043399082021
